<?xml version="1.0"?>
<?xml-stylesheet type="text/xsl" href="index.xsl"?>
<SASOQ>
  <Information>
    <Description>SASOQ Results</Description>
    <Machine>ZB15-CND1054H3B</Machine>
    <Date>2023-06-28</Date>
    <User>User</User>
    <Time>14:44:30</Time>
    <OS>Windows</OS>
  </Information>
  <Test>
    <ProductName>base</ProductName>
    <Table>tstbase</Table>
    <TestName>tstsql</TestName>
    <Status>PASS</Status>
  </Test>
  <Test>
    <ProductName>base</ProductName>
    <Table>tstbase</Table>
    <TestName>tstrpt</TestName>
    <Status>PASS</Status>
  </Test>
  <Test>
    <ProductName>base</ProductName>
    <Table>tstbase</Table>
    <TestName>tsttab</TestName>
    <Status>PASS</Status>
  </Test>
  <Test>
    <ProductName>base</ProductName>
    <Table>tstbase</Table>
    <TestName>tstuni01</TestName>
    <Status>PASS</Status>
  </Test>
  <Test>
    <ProductName>base</ProductName>
    <Table>tstbase</Table>
    <TestName>tstrank</TestName>
    <Status>PASS</Status>
  </Test>
  <Test>
    <ProductName>base</ProductName>
    <Table>tstbase</Table>
    <TestName>tststan</TestName>
    <Status>PASS</Status>
  </Test>
  <Test>
    <ProductName>base</ProductName>
    <Table>tstbase</Table>
    <TestName>tstsum</TestName>
    <Status>PASS</Status>
  </Test>
  <Test>
    <ProductName>base</ProductName>
    <Table>tstbase</Table>
    <TestName>tsttps</TestName>
    <Status>PASS</Status>
  </Test>
  <Test>
    <ProductName>base</ProductName>
    <Table>tstbase</Table>
    <TestName>tstcalen</TestName>
    <Status>PASS</Status>
  </Test>
  <Test>
    <ProductName>base</ProductName>
    <Table>tstbase</Table>
    <TestName>tstchrt</TestName>
    <Status>PASS</Status>
  </Test>
  <Test>
    <ProductName>base</ProductName>
    <Table>tstbase</Table>
    <TestName>tstcmp</TestName>
    <Status>PASS</Status>
  </Test>
  <Test>
    <ProductName>base</ProductName>
    <Table>tstbase</Table>
    <TestName>tstform</TestName>
    <Status>PASS</Status>
  </Test>
  <Test>
    <ProductName>base</ProductName>
    <Table>tstbase</Table>
    <TestName>tstplot</TestName>
    <Status>PASS</Status>
  </Test>
  <Test>
    <ProductName>base</ProductName>
    <Table>tstbase</Table>
    <TestName>tsttmpl</TestName>
    <Status>PASS</Status>
  </Test>
  <Test>
    <ProductName>base</ProductName>
    <Table>tstbase</Table>
    <TestName>tstcor01</TestName>
    <Status>PASS</Status>
  </Test>
  <Test>
    <ProductName>base</ProductName>
    <Table>tstbase</Table>
    <TestName>tstods</TestName>
    <Status>PASS</Status>
  </Test>
  <Test>
    <ProductName>base</ProductName>
    <Table>tstbase</Table>
    <TestName>tstbrs</TestName>
    <Status>PASS</Status>
  </Test>
  <Test>
    <ProductName>base</ProductName>
    <Table>tstbase</Table>
    <TestName>tstdoc</TestName>
    <Status>PASS</Status>
  </Test>
  <Test>
    <ProductName>base</ProductName>
    <Table>tstbase</Table>
    <TestName>tstedt</TestName>
    <Status>PASS</Status>
  </Test>
  <Test>
    <ProductName>base</ProductName>
    <Table>tstbase</Table>
    <TestName>tstsort</TestName>
    <Status>PASS</Status>
  </Test>
  <Test>
    <ProductName>base</ProductName>
    <Table>tstbase</Table>
    <TestName>tsttemp</TestName>
    <Status>PASS</Status>
  </Test>
  <Test>
    <ProductName>dmine</ProductName>
    <Table>tstdmin</Table>
    <TestName>tstarb01</TestName>
    <Status>PASS</Status>
  </Test>
  <Test>
    <ProductName>dmine</ProductName>
    <Table>tstdmin</Table>
    <TestName>tstass01</TestName>
    <Status>PASS</Status>
  </Test>
  <Test>
    <ProductName>dmine</ProductName>
    <Table>tstdmin</Table>
    <TestName>tstdec01</TestName>
    <Status>PASS</Status>
  </Test>
  <Test>
    <ProductName>dmine</ProductName>
    <Table>tstdmin</Table>
    <TestName>tstdmn01</TestName>
    <Status>PASS</Status>
  </Test>
  <Test>
    <ProductName>dmine</ProductName>
    <Table>tstdmin</Table>
    <TestName>tstdmr01</TestName>
    <Status>PASS</Status>
  </Test>
  <Test>
    <ProductName>dmine</ProductName>
    <Table>tstdmin</Table>
    <TestName>tstdmstr</TestName>
    <Status>PASS</Status>
  </Test>
  <Test>
    <ProductName>dmine</ProductName>
    <Table>tstdmin</Table>
    <TestName>tstdne01</TestName>
    <Status>PASS</Status>
  </Test>
  <Test>
    <ProductName>dmine</ProductName>
    <Table>tstdmin</Table>
    <TestName>tstdsp01</TestName>
    <Status>PASS</Status>
  </Test>
  <Test>
    <ProductName>dmine</ProductName>
    <Table>tstdmin</Table>
    <TestName>tsthpbne</TestName>
    <Status>PASS</Status>
  </Test>
  <Test>
    <ProductName>dmine</ProductName>
    <Table>tstdmin</Table>
    <TestName>tsthpclu</TestName>
    <Status>PASS</Status>
  </Test>
  <Test>
    <ProductName>dmine</ProductName>
    <Table>tstdmin</Table>
    <TestName>tsthp4sc</TestName>
    <Status>PASS</Status>
  </Test>
  <Test>
    <ProductName>dmine</ProductName>
    <Table>tstdmin</Table>
    <TestName>tsthpdec</TestName>
    <Status>PASS</Status>
  </Test>
  <Test>
    <ProductName>dmine</ProductName>
    <Table>tstdmin</Table>
    <TestName>tsthpfst</TestName>
    <Status>FAIL</Status>
  </Test>
  <Test>
    <ProductName>dmine</ProductName>
    <Table>tstdmin</Table>
    <TestName>tsthpneu</TestName>
    <Status>PASS</Status>
  </Test>
  <Test>
    <ProductName>dmine</ProductName>
    <Table>tstdmin</Table>
    <TestName>tsthpred</TestName>
    <Status>PASS</Status>
  </Test>
  <Test>
    <ProductName>dmine</ProductName>
    <Table>tstdmin</Table>
    <TestName>tsthpsvm</TestName>
    <Status>PASS</Status>
  </Test>
  <Test>
    <ProductName>dmine</ProductName>
    <Table>tstdmin</Table>
    <TestName>tstneu01</TestName>
    <Status>PASS</Status>
  </Test>
  <Test>
    <ProductName>dmine</ProductName>
    <Table>tstdmin</Table>
    <TestName>tstpat01</TestName>
    <Status>PASS</Status>
  </Test>
  <Test>
    <ProductName>dmine</ProductName>
    <Table>tstdmin</Table>
    <TestName>tstpmb01</TestName>
    <Status>PASS</Status>
  </Test>
  <Test>
    <ProductName>dmine</ProductName>
    <Table>tstdmin</Table>
    <TestName>tstrul01</TestName>
    <Status>PASS</Status>
  </Test>
  <Test>
    <ProductName>dmine</ProductName>
    <Table>tstdmin</Table>
    <TestName>tstseq01</TestName>
    <Status>PASS</Status>
  </Test>
  <Test>
    <ProductName>dmine</ProductName>
    <Table>tstdmin</Table>
    <TestName>tstspt01</TestName>
    <Status>PASS</Status>
  </Test>
  <Test>
    <ProductName>dmine</ProductName>
    <Table>tstdmin</Table>
    <TestName>tstsvc01</TestName>
    <Status>PASS</Status>
  </Test>
  <Test>
    <ProductName>dmine</ProductName>
    <Table>tstdmin</Table>
    <TestName>tstvq01</TestName>
    <Status>PASS</Status>
  </Test>
  <Test>
    <ProductName>dmine</ProductName>
    <Table>tstdmin</Table>
    <TestName>tstbst01</TestName>
    <Status>PASS</Status>
  </Test>
  <Test>
    <ProductName>dmine</ProductName>
    <Table>tstdmin</Table>
    <TestName>tsttax01</TestName>
    <Status>PASS</Status>
  </Test>
  <Test>
    <ProductName>ets</ProductName>
    <Table>tstets</Table>
    <TestName>tstari01</TestName>
    <Status>PASS</Status>
  </Test>
  <Test>
    <ProductName>ets</ProductName>
    <Table>tstets</Table>
    <TestName>tstaut01</TestName>
    <Status>PASS</Status>
  </Test>
  <Test>
    <ProductName>ets</ProductName>
    <Table>tstets</Table>
    <TestName>tstcop01</TestName>
    <Status>PASS</Status>
  </Test>
  <Test>
    <ProductName>ets</ProductName>
    <Table>tstets</Table>
    <TestName>tstcnt01</TestName>
    <Status>PASS</Status>
  </Test>
  <Test>
    <ProductName>ets</ProductName>
    <Table>tstets</Table>
    <TestName>tstcta01</TestName>
    <Status>PASS</Status>
  </Test>
  <Test>
    <ProductName>ets</ProductName>
    <Table>tstets</Table>
    <TestName>tstesm01</TestName>
    <Status>PASS</Status>
  </Test>
  <Test>
    <ProductName>ets</ProductName>
    <Table>tstets</Table>
    <TestName>tstexp01</TestName>
    <Status>PASS</Status>
  </Test>
  <Test>
    <ProductName>ets</ProductName>
    <Table>tstets</Table>
    <TestName>tstfor01</TestName>
    <Status>PASS</Status>
  </Test>
  <Test>
    <ProductName>ets</ProductName>
    <Table>tstets</Table>
    <TestName>tstloa01</TestName>
    <Status>PASS</Status>
  </Test>
  <Test>
    <ProductName>ets</ProductName>
    <Table>tstets</Table>
    <TestName>tstmcr01</TestName>
    <Status>PASS</Status>
  </Test>
  <Test>
    <ProductName>ets</ProductName>
    <Table>tstets</Table>
    <TestName>tstmdc01</TestName>
    <Status>PASS</Status>
  </Test>
  <Test>
    <ProductName>ets</ProductName>
    <Table>tstets</Table>
    <TestName>tstmod01</TestName>
    <Status>PASS</Status>
  </Test>
  <Test>
    <ProductName>ets</ProductName>
    <Table>tstets</Table>
    <TestName>tstpan01</TestName>
    <Status>PASS</Status>
  </Test>
  <Test>
    <ProductName>ets</ProductName>
    <Table>tstets</Table>
    <TestName>tstpdl01</TestName>
    <Status>PASS</Status>
  </Test>
  <Test>
    <ProductName>ets</ProductName>
    <Table>tstets</Table>
    <TestName>tstqli01</TestName>
    <Status>PASS</Status>
  </Test>
  <Test>
    <ProductName>ets</ProductName>
    <Table>tstets</Table>
    <TestName>tstsev01</TestName>
    <Status>PASS</Status>
  </Test>
  <Test>
    <ProductName>ets</ProductName>
    <Table>tstets</Table>
    <TestName>tstsml01</TestName>
    <Status>PASS</Status>
  </Test>
  <Test>
    <ProductName>ets</ProductName>
    <Table>tstets</Table>
    <TestName>tstsmy01</TestName>
    <Status>PASS</Status>
  </Test>
  <Test>
    <ProductName>ets</ProductName>
    <Table>tstets</Table>
    <TestName>tstspe01</TestName>
    <Status>PASS</Status>
  </Test>
  <Test>
    <ProductName>ets</ProductName>
    <Table>tstets</Table>
    <TestName>tstspr01</TestName>
    <Status>PASS</Status>
  </Test>
  <Test>
    <ProductName>ets</ProductName>
    <Table>tstets</Table>
    <TestName>tstssm01</TestName>
    <Status>PASS</Status>
  </Test>
  <Test>
    <ProductName>ets</ProductName>
    <Table>tstets</Table>
    <TestName>tststa01</TestName>
    <Status>PASS</Status>
  </Test>
  <Test>
    <ProductName>ets</ProductName>
    <Table>tstets</Table>
    <TestName>tstsys01</TestName>
    <Status>PASS</Status>
  </Test>
  <Test>
    <ProductName>ets</ProductName>
    <Table>tstets</Table>
    <TestName>tsttdt01</TestName>
    <Status>PASS</Status>
  </Test>
  <Test>
    <ProductName>ets</ProductName>
    <Table>tstets</Table>
    <TestName>tsttid01</TestName>
    <Status>PASS</Status>
  </Test>
  <Test>
    <ProductName>ets</ProductName>
    <Table>tstets</Table>
    <TestName>tsttmo01</TestName>
    <Status>PASS</Status>
  </Test>
  <Test>
    <ProductName>ets</ProductName>
    <Table>tstets</Table>
    <TestName>tsttsc01</TestName>
    <Status>PASS</Status>
  </Test>
  <Test>
    <ProductName>ets</ProductName>
    <Table>tstets</Table>
    <TestName>tsttse01</TestName>
    <Status>PASS</Status>
  </Test>
  <Test>
    <ProductName>ets</ProductName>
    <Table>tstets</Table>
    <TestName>tstucm01</TestName>
    <Status>PASS</Status>
  </Test>
  <Test>
    <ProductName>ets</ProductName>
    <Table>tstets</Table>
    <TestName>tstvar01</TestName>
    <Status>PASS</Status>
  </Test>
  <Test>
    <ProductName>ets</ProductName>
    <Table>tstets</Table>
    <TestName>tstx1101</TestName>
    <Status>PASS</Status>
  </Test>
  <Test>
    <ProductName>ets</ProductName>
    <Table>tstets</Table>
    <TestName>tstx1201</TestName>
    <Status>PASS</Status>
  </Test>
  <Test>
    <ProductName>ets</ProductName>
    <Table>tstets</Table>
    <TestName>tstx1301</TestName>
    <Status>PASS</Status>
  </Test>
  <Test>
    <ProductName>ets</ProductName>
    <Table>tstets</Table>
    <TestName>tsthcd01</TestName>
    <Status>PASS</Status>
  </Test>
  <Test>
    <ProductName>ets</ProductName>
    <Table>tstets</Table>
    <TestName>tsthpcnt</TestName>
    <Status>PASS</Status>
  </Test>
  <Test>
    <ProductName>ets</ProductName>
    <Table>tstets</Table>
    <TestName>tsthpcop</TestName>
    <Status>PASS</Status>
  </Test>
  <Test>
    <ProductName>ets</ProductName>
    <Table>tstets</Table>
    <TestName>tsthppan</TestName>
    <Status>PASS</Status>
  </Test>
  <Test>
    <ProductName>ets</ProductName>
    <Table>tstets</Table>
    <TestName>tsthpqlm</TestName>
    <Status>PASS</Status>
  </Test>
  <Test>
    <ProductName>ets</ProductName>
    <Table>tstets</Table>
    <TestName>tsthpsev</TestName>
    <Status>PASS</Status>
  </Test>
  <Test>
    <ProductName>graph</ProductName>
    <Table>tstgraph</Table>
    <TestName>testgr</TestName>
    <Status>PASS</Status>
  </Test>
  <Test>
    <ProductName>graph</ProductName>
    <Table>tstgraph</Table>
    <TestName>testgrj</TestName>
    <Status>PASS</Status>
  </Test>
  <Test>
    <ProductName>hpf</ProductName>
    <Table>tsthpf</Table>
    <TestName>tsthdg01</TestName>
    <Status>PASS</Status>
  </Test>
  <Test>
    <ProductName>hpf</ProductName>
    <Table>tsthpf</Table>
    <TestName>tsthen01</TestName>
    <Status>PASS</Status>
  </Test>
  <Test>
    <ProductName>hpf</ProductName>
    <Table>tsthpf</Table>
    <TestName>tsthev01</TestName>
    <Status>PASS</Status>
  </Test>
  <Test>
    <ProductName>hpf</ProductName>
    <Table>tsthpf</Table>
    <TestName>tsthpf01</TestName>
    <Status>PASS</Status>
  </Test>
  <Test>
    <ProductName>hpf</ProductName>
    <Table>tsthpf</Table>
    <TestName>tsthrc01</TestName>
    <Status>PASS</Status>
  </Test>
  <Test>
    <ProductName>hpf</ProductName>
    <Table>tsthpf</Table>
    <TestName>tsthrp01</TestName>
    <Status>PASS</Status>
  </Test>
  <Test>
    <ProductName>hpf</ProductName>
    <Table>tsthpf</Table>
    <TestName>tsthtr01</TestName>
    <Status>PASS</Status>
  </Test>
  <Test>
    <ProductName>hpf</ProductName>
    <Table>tsthpf</Table>
    <TestName>tsthpfct</TestName>
    <Status>PASS</Status>
  </Test>
  <Test>
    <ProductName>iml</ProductName>
    <Table>tstiml</Table>
    <TestName>tstiml01</TestName>
    <Status>PASS</Status>
  </Test>
  <Test>
    <ProductName>qc</ProductName>
    <Table>tstqc</Table>
    <TestName>tstanm01</TestName>
    <Status>PASS</Status>
  </Test>
  <Test>
    <ProductName>qc</ProductName>
    <Table>tstqc</Table>
    <TestName>tstcap01</TestName>
    <Status>PASS</Status>
  </Test>
  <Test>
    <ProductName>qc</ProductName>
    <Table>tstqc</Table>
    <TestName>tstcus01</TestName>
    <Status>PASS</Status>
  </Test>
  <Test>
    <ProductName>qc</ProductName>
    <Table>tstqc</Table>
    <TestName>tstftx01</TestName>
    <Status>PASS</Status>
  </Test>
  <Test>
    <ProductName>qc</ProductName>
    <Table>tstqc</Table>
    <TestName>tstfun01</TestName>
    <Status>PASS</Status>
  </Test>
  <Test>
    <ProductName>qc</ProductName>
    <Table>tstqc</Table>
    <TestName>tstmac01</TestName>
    <Status>PASS</Status>
  </Test>
  <Test>
    <ProductName>qc</ProductName>
    <Table>tstqc</Table>
    <TestName>tstpar01</TestName>
    <Status>PASS</Status>
  </Test>
  <Test>
    <ProductName>qc</ProductName>
    <Table>tstqc</Table>
    <TestName>tstopt01</TestName>
    <Status>PASS</Status>
  </Test>
  <Test>
    <ProductName>qc</ProductName>
    <Table>tstqc</Table>
    <TestName>tstrel01</TestName>
    <Status>PASS</Status>
  </Test>
  <Test>
    <ProductName>qc</ProductName>
    <Table>tstqc</Table>
    <TestName>tstshe01</TestName>
    <Status>PASS</Status>
  </Test>
  <Test>
    <ProductName>stat</ProductName>
    <Table>tststat</Table>
    <TestName>tstano01</TestName>
    <Status>PASS</Status>
  </Test>
  <Test>
    <ProductName>stat</ProductName>
    <Table>tststat</Table>
    <TestName>tstadp01</TestName>
    <Status>PASS</Status>
  </Test>
  <Test>
    <ProductName>stat</ProductName>
    <Table>tststat</Table>
    <TestName>tstace01</TestName>
    <Status>PASS</Status>
  </Test>
  <Test>
    <ProductName>stat</ProductName>
    <Table>tststat</Table>
    <TestName>tstbch01</TestName>
    <Status>PASS</Status>
  </Test>
  <Test>
    <ProductName>stat</ProductName>
    <Table>tststat</Table>
    <TestName>tstbgx01</TestName>
    <Status>PASS</Status>
  </Test>
  <Test>
    <ProductName>stat</ProductName>
    <Table>tststat</Table>
    <TestName>tstbox01</TestName>
    <Status>PASS</Status>
  </Test>
  <Test>
    <ProductName>stat</ProductName>
    <Table>tststat</Table>
    <TestName>tstcal01</TestName>
    <Status>PASS</Status>
  </Test>
  <Test>
    <ProductName>stat</ProductName>
    <Table>tststat</Table>
    <TestName>tstcat01</TestName>
    <Status>PASS</Status>
  </Test>
  <Test>
    <ProductName>stat</ProductName>
    <Table>tststat</Table>
    <TestName>tstcgr01</TestName>
    <Status>PASS</Status>
  </Test>
  <Test>
    <ProductName>stat</ProductName>
    <Table>tststat</Table>
    <TestName>tstclu01</TestName>
    <Status>PASS</Status>
  </Test>
  <Test>
    <ProductName>stat</ProductName>
    <Table>tststat</Table>
    <TestName>tstcnc01</TestName>
    <Status>PASS</Status>
  </Test>
  <Test>
    <ProductName>stat</ProductName>
    <Table>tststat</Table>
    <TestName>tstcnd01</TestName>
    <Status>PASS</Status>
  </Test>
  <Test>
    <ProductName>stat</ProductName>
    <Table>tststat</Table>
    <TestName>tstcrs01</TestName>
    <Status>PASS</Status>
  </Test>
  <Test>
    <ProductName>stat</ProductName>
    <Table>tststat</Table>
    <TestName>tstcsm01</TestName>
    <Status>PASS</Status>
  </Test>
  <Test>
    <ProductName>stat</ProductName>
    <Table>tststat</Table>
    <TestName>tstctr01</TestName>
    <Status>PASS</Status>
  </Test>
  <Test>
    <ProductName>stat</ProductName>
    <Table>tststat</Table>
    <TestName>tstdis01</TestName>
    <Status>PASS</Status>
  </Test>
  <Test>
    <ProductName>stat</ProductName>
    <Table>tststat</Table>
    <TestName>tstdst01</TestName>
    <Status>PASS</Status>
  </Test>
  <Test>
    <ProductName>stat</ProductName>
    <Table>tststat</Table>
    <TestName>tstfac01</TestName>
    <Status>PASS</Status>
  </Test>
  <Test>
    <ProductName>stat</ProductName>
    <Table>tststat</Table>
    <TestName>tstfas01</TestName>
    <Status>PASS</Status>
  </Test>
  <Test>
    <ProductName>stat</ProductName>
    <Table>tststat</Table>
    <TestName>tstfmm01</TestName>
    <Status>PASS</Status>
  </Test>
  <Test>
    <ProductName>stat</ProductName>
    <Table>tststat</Table>
    <TestName>tstfrq01</TestName>
    <Status>PASS</Status>
  </Test>
  <Test>
    <ProductName>stat</ProductName>
    <Table>tststat</Table>
    <TestName>tstgam01</TestName>
    <Status>PASS</Status>
  </Test>
  <Test>
    <ProductName>stat</ProductName>
    <Table>tststat</Table>
    <TestName>tstgampl</TestName>
    <Status>PASS</Status>
  </Test>
  <Test>
    <ProductName>stat</ProductName>
    <Table>tststat</Table>
    <TestName>tstgee01</TestName>
    <Status>PASS</Status>
  </Test>
  <Test>
    <ProductName>stat</ProductName>
    <Table>tststat</Table>
    <TestName>tstgen01</TestName>
    <Status>PASS</Status>
  </Test>
  <Test>
    <ProductName>stat</ProductName>
    <Table>tststat</Table>
    <TestName>tstglm01</TestName>
    <Status>PASS</Status>
  </Test>
  <Test>
    <ProductName>stat</ProductName>
    <Table>tststat</Table>
    <TestName>tstglm02</TestName>
    <Status>PASS</Status>
  </Test>
  <Test>
    <ProductName>stat</ProductName>
    <Table>tststat</Table>
    <TestName>tstglm03</TestName>
    <Status>PASS</Status>
  </Test>
  <Test>
    <ProductName>stat</ProductName>
    <Table>tststat</Table>
    <TestName>tstgmo01</TestName>
    <Status>PASS</Status>
  </Test>
  <Test>
    <ProductName>stat</ProductName>
    <Table>tststat</Table>
    <TestName>tstgms01</TestName>
    <Status>PASS</Status>
  </Test>
  <Test>
    <ProductName>stat</ProductName>
    <Table>tststat</Table>
    <TestName>tstgmx01</TestName>
    <Status>PASS</Status>
  </Test>
  <Test>
    <ProductName>stat</ProductName>
    <Table>tststat</Table>
    <TestName>tstgpw01</TestName>
    <Status>PASS</Status>
  </Test>
  <Test>
    <ProductName>stat</ProductName>
    <Table>tststat</Table>
    <TestName>tsthpcan</TestName>
    <Status>PASS</Status>
  </Test>
  <Test>
    <ProductName>stat</ProductName>
    <Table>tststat</Table>
    <TestName>tsthpfmm</TestName>
    <Status>PASS</Status>
  </Test>
  <Test>
    <ProductName>stat</ProductName>
    <Table>tststat</Table>
    <TestName>tsthplmx</TestName>
    <Status>PASS</Status>
  </Test>
  <Test>
    <ProductName>stat</ProductName>
    <Table>tststat</Table>
    <TestName>tsthplog</TestName>
    <Status>PASS</Status>
  </Test>
  <Test>
    <ProductName>stat</ProductName>
    <Table>tststat</Table>
    <TestName>tsthpnld</TestName>
    <Status>PASS</Status>
  </Test>
  <Test>
    <ProductName>stat</ProductName>
    <Table>tststat</Table>
    <TestName>tsthppls</TestName>
    <Status>PASS</Status>
  </Test>
  <Test>
    <ProductName>stat</ProductName>
    <Table>tststat</Table>
    <TestName>tsthppri</TestName>
    <Status>PASS</Status>
  </Test>
  <Test>
    <ProductName>stat</ProductName>
    <Table>tststat</Table>
    <TestName>tsthpqns</TestName>
    <Status>PASS</Status>
  </Test>
  <Test>
    <ProductName>stat</ProductName>
    <Table>tststat</Table>
    <TestName>tsthpreg</TestName>
    <Status>PASS</Status>
  </Test>
  <Test>
    <ProductName>stat</ProductName>
    <Table>tststat</Table>
    <TestName>tsthpspl</TestName>
    <Status>PASS</Status>
  </Test>
  <Test>
    <ProductName>stat</ProductName>
    <Table>tststat</Table>
    <TestName>tsthpgen</TestName>
    <Status>PASS</Status>
  </Test>
  <Test>
    <ProductName>stat</ProductName>
    <Table>tststat</Table>
    <TestName>tsthpm01</TestName>
    <Status>PASS</Status>
  </Test>
  <Test>
    <ProductName>stat</ProductName>
    <Table>tststat</Table>
    <TestName>tstinb01</TestName>
    <Status>PASS</Status>
  </Test>
  <Test>
    <ProductName>stat</ProductName>
    <Table>tststat</Table>
    <TestName>tstirt01</TestName>
    <Status>PASS</Status>
  </Test>
  <Test>
    <ProductName>stat</ProductName>
    <Table>tststat</Table>
    <TestName>tstkde01</TestName>
    <Status>PASS</Status>
  </Test>
  <Test>
    <ProductName>stat</ProductName>
    <Table>tststat</Table>
    <TestName>tstkri01</TestName>
    <Status>PASS</Status>
  </Test>
  <Test>
    <ProductName>stat</ProductName>
    <Table>tststat</Table>
    <TestName>tstlat01</TestName>
    <Status>PASS</Status>
  </Test>
  <Test>
    <ProductName>stat</ProductName>
    <Table>tststat</Table>
    <TestName>tstlfr01</TestName>
    <Status>PASS</Status>
  </Test>
  <Test>
    <ProductName>stat</ProductName>
    <Table>tststat</Table>
    <TestName>tstlft01</TestName>
    <Status>PASS</Status>
  </Test>
  <Test>
    <ProductName>stat</ProductName>
    <Table>tststat</Table>
    <TestName>tstlog01</TestName>
    <Status>PASS</Status>
  </Test>
  <Test>
    <ProductName>stat</ProductName>
    <Table>tststat</Table>
    <TestName>tstlws01</TestName>
    <Status>PASS</Status>
  </Test>
  <Test>
    <ProductName>stat</ProductName>
    <Table>tststat</Table>
    <TestName>tstmcl01</TestName>
    <Status>PASS</Status>
  </Test>
  <Test>
    <ProductName>stat</ProductName>
    <Table>tststat</Table>
    <TestName>tstmcm01</TestName>
    <Status>PASS</Status>
  </Test>
  <Test>
    <ProductName>stat</ProductName>
    <Table>tststat</Table>
    <TestName>tstmds01</TestName>
    <Status>PASS</Status>
  </Test>
  <Test>
    <ProductName>stat</ProductName>
    <Table>tststat</Table>
    <TestName>tstmi01</TestName>
    <Status>PASS</Status>
  </Test>
  <Test>
    <ProductName>stat</ProductName>
    <Table>tststat</Table>
    <TestName>tstmix01</TestName>
    <Status>PASS</Status>
  </Test>
  <Test>
    <ProductName>stat</ProductName>
    <Table>tststat</Table>
    <TestName>tstmiz01</TestName>
    <Status>PASS</Status>
  </Test>
  <Test>
    <ProductName>stat</ProductName>
    <Table>tststat</Table>
    <TestName>tstmul01</TestName>
    <Status>PASS</Status>
  </Test>
  <Test>
    <ProductName>stat</ProductName>
    <Table>tststat</Table>
    <TestName>tstnli01</TestName>
    <Status>PASS</Status>
  </Test>
  <Test>
    <ProductName>stat</ProductName>
    <Table>tststat</Table>
    <TestName>tstnlm01</TestName>
    <Status>PASS</Status>
  </Test>
  <Test>
    <ProductName>stat</ProductName>
    <Table>tststat</Table>
    <TestName>tstnp101</TestName>
    <Status>PASS</Status>
  </Test>
  <Test>
    <ProductName>stat</ProductName>
    <Table>tststat</Table>
    <TestName>tstnst01</TestName>
    <Status>PASS</Status>
  </Test>
  <Test>
    <ProductName>stat</ProductName>
    <Table>tststat</Table>
    <TestName>tstort01</TestName>
    <Status>PASS</Status>
  </Test>
  <Test>
    <ProductName>stat</ProductName>
    <Table>tststat</Table>
    <TestName>tstphr01</TestName>
    <Status>PASS</Status>
  </Test>
  <Test>
    <ProductName>stat</ProductName>
    <Table>tststat</Table>
    <TestName>tstplm01</TestName>
    <Status>PASS</Status>
  </Test>
  <Test>
    <ProductName>stat</ProductName>
    <Table>tststat</Table>
    <TestName>tstpln01</TestName>
    <Status>PASS</Status>
  </Test>
  <Test>
    <ProductName>stat</ProductName>
    <Table>tststat</Table>
    <TestName>tstpls01</TestName>
    <Status>PASS</Status>
  </Test>
  <Test>
    <ProductName>stat</ProductName>
    <Table>tststat</Table>
    <TestName>tstpow01</TestName>
    <Status>PASS</Status>
  </Test>
  <Test>
    <ProductName>stat</ProductName>
    <Table>tststat</Table>
    <TestName>tstprc01</TestName>
    <Status>PASS</Status>
  </Test>
  <Test>
    <ProductName>stat</ProductName>
    <Table>tststat</Table>
    <TestName>tstpro01</TestName>
    <Status>PASS</Status>
  </Test>
  <Test>
    <ProductName>stat</ProductName>
    <Table>tststat</Table>
    <TestName>tstprq01</TestName>
    <Status>PASS</Status>
  </Test>
  <Test>
    <ProductName>stat</ProductName>
    <Table>tststat</Table>
    <TestName>tstpmt01</TestName>
    <Status>PASS</Status>
  </Test>
  <Test>
    <ProductName>stat</ProductName>
    <Table>tststat</Table>
    <TestName>tstqnl01</TestName>
    <Status>PASS</Status>
  </Test>
  <Test>
    <ProductName>stat</ProductName>
    <Table>tststat</Table>
    <TestName>tstqnr01</TestName>
    <Status>PASS</Status>
  </Test>
  <Test>
    <ProductName>stat</ProductName>
    <Table>tststat</Table>
    <TestName>tstqns01</TestName>
    <Status>PASS</Status>
  </Test>
  <Test>
    <ProductName>stat</ProductName>
    <Table>tststat</Table>
    <TestName>tstreg01</TestName>
    <Status>PASS</Status>
  </Test>
  <Test>
    <ProductName>stat</ProductName>
    <Table>tststat</Table>
    <TestName>tstrms01</TestName>
    <Status>PASS</Status>
  </Test>
  <Test>
    <ProductName>stat</ProductName>
    <Table>tststat</Table>
    <TestName>tstrrg01</TestName>
    <Status>PASS</Status>
  </Test>
  <Test>
    <ProductName>stat</ProductName>
    <Table>tststat</Table>
    <TestName>tstrsr01</TestName>
    <Status>PASS</Status>
  </Test>
  <Test>
    <ProductName>stat</ProductName>
    <Table>tststat</Table>
    <TestName>tstsco01</TestName>
    <Status>PASS</Status>
  </Test>
  <Test>
    <ProductName>stat</ProductName>
    <Table>tststat</Table>
    <TestName>tstsdr01</TestName>
    <Status>PASS</Status>
  </Test>
  <Test>
    <ProductName>stat</ProductName>
    <Table>tststat</Table>
    <TestName>tstsdz01</TestName>
    <Status>PASS</Status>
  </Test>
  <Test>
    <ProductName>stat</ProductName>
    <Table>tststat</Table>
    <TestName>tstsim01</TestName>
    <Status>PASS</Status>
  </Test>
  <Test>
    <ProductName>stat</ProductName>
    <Table>tststat</Table>
    <TestName>tstsm201</TestName>
    <Status>PASS</Status>
  </Test>
  <Test>
    <ProductName>stat</ProductName>
    <Table>tststat</Table>
    <TestName>tstspp01</TestName>
    <Status>PASS</Status>
  </Test>
  <Test>
    <ProductName>stat</ProductName>
    <Table>tststat</Table>
    <TestName>tstsqd01</TestName>
    <Status>PASS</Status>
  </Test>
  <Test>
    <ProductName>stat</ProductName>
    <Table>tststat</Table>
    <TestName>tstsqt01</TestName>
    <Status>PASS</Status>
  </Test>
  <Test>
    <ProductName>stat</ProductName>
    <Table>tststat</Table>
    <TestName>tststp01</TestName>
    <Status>PASS</Status>
  </Test>
  <Test>
    <ProductName>stat</ProductName>
    <Table>tststat</Table>
    <TestName>tstsvf01</TestName>
    <Status>PASS</Status>
  </Test>
  <Test>
    <ProductName>stat</ProductName>
    <Table>tststat</Table>
    <TestName>tstsvi01</TestName>
    <Status>PASS</Status>
  </Test>
  <Test>
    <ProductName>stat</ProductName>
    <Table>tststat</Table>
    <TestName>tstsvl01</TestName>
    <Status>PASS</Status>
  </Test>
  <Test>
    <ProductName>stat</ProductName>
    <Table>tststat</Table>
    <TestName>tstsvm01</TestName>
    <Status>PASS</Status>
  </Test>
  <Test>
    <ProductName>stat</ProductName>
    <Table>tststat</Table>
    <TestName>tstsvp01</TestName>
    <Status>PASS</Status>
  </Test>
  <Test>
    <ProductName>stat</ProductName>
    <Table>tststat</Table>
    <TestName>tstsvr01</TestName>
    <Status>PASS</Status>
  </Test>
  <Test>
    <ProductName>stat</ProductName>
    <Table>tststat</Table>
    <TestName>tstsvs01</TestName>
    <Status>PASS</Status>
  </Test>
  <Test>
    <ProductName>stat</ProductName>
    <Table>tststat</Table>
    <TestName>tsttre01</TestName>
    <Status>PASS</Status>
  </Test>
  <Test>
    <ProductName>stat</ProductName>
    <Table>tststat</Table>
    <TestName>tsttrg01</TestName>
    <Status>PASS</Status>
  </Test>
  <Test>
    <ProductName>stat</ProductName>
    <Table>tststat</Table>
    <TestName>tsttsp01</TestName>
    <Status>PASS</Status>
  </Test>
  <Test>
    <ProductName>stat</ProductName>
    <Table>tststat</Table>
    <TestName>tsttte01</TestName>
    <Status>PASS</Status>
  </Test>
  <Test>
    <ProductName>stat</ProductName>
    <Table>tststat</Table>
    <TestName>tstvcl01</TestName>
    <Status>PASS</Status>
  </Test>
  <Test>
    <ProductName>stat</ProductName>
    <Table>tststat</Table>
    <TestName>tstvcp01</TestName>
    <Status>PASS</Status>
  </Test>
  <Test>
    <ProductName>stat</ProductName>
    <Table>tststat</Table>
    <TestName>tstvrm01</TestName>
    <Status>PASS</Status>
  </Test>
  <Test>
    <ProductName>stat</ProductName>
    <Table>tststat</Table>
    <TestName>tst922in</TestName>
    <Status>PASS</Status>
  </Test>
  <Test>
    <ProductName>tmine</ProductName>
    <Table>tsttm</Table>
    <TestName>tstemc01</TestName>
    <Status>PASS</Status>
  </Test>
  <Test>
    <ProductName>tmine</ProductName>
    <Table>tsttm</Table>
    <TestName>tstsvd01</TestName>
    <Status>PASS</Status>
  </Test>
  <Test>
    <ProductName>tmine</ProductName>
    <Table>tsttm</Table>
    <TestName>tstutl01</TestName>
    <Status>PASS</Status>
  </Test>
  <Test>
    <ProductName>tmine</ProductName>
    <Table>tsttm</Table>
    <TestName>tstblf01</TestName>
    <Status>PASS</Status>
  </Test>
  <Test>
    <ProductName>tmine</ProductName>
    <Table>tsttm</Table>
    <TestName>tsthptm1</TestName>
    <Status>PASS</Status>
  </Test>
  <Test>
    <ProductName>tmine</ProductName>
    <Table>tsttm</Table>
    <TestName>tstnmf01</TestName>
    <Status>PASS</Status>
  </Test>
  <Product>
    <Name>base</Name>
  </Product>
  <Product>
    <Name>dmine</Name>
  </Product>
  <Product>
    <Name>ets</Name>
  </Product>
  <Product>
    <Name>graph</Name>
  </Product>
  <Product>
    <Name>hpf</Name>
  </Product>
  <Product>
    <Name>iml</Name>
  </Product>
  <Product>
    <Name>qc</Name>
  </Product>
  <Product>
    <Name>stat</Name>
  </Product>
  <Product>
    <Name>tmine</Name>
  </Product>
</SASOQ>
