<?xml version="1.0"?>
<?xml-stylesheet type="text/xsl" href="../../test.xsl"?>
<SASOQ>
  <Process></Process>
  <Information>
    <Description>SASOQ Results</Description>
    <Machine>ZB15-CND1054H3B</Machine>
    <Date>2023-06-28</Date>
    <User>User</User>
    <Time>14:45:03</Time>
    <OS>Windows</OS>
  </Information>
  <Test>
    <ExpectedRC>0</ExpectedRC>
    <TableName>tstets</TableName>
    <ProductName>ets</ProductName>
    <ActualRC>0</ActualRC>
    <TestName>tstpan01</TestName>
    <Status>PASS</Status>
    <Run>sas -sysin &quot;C:\Program Files\SASHome\SASFoundation\9.4\sastest\ets\tstpan01.sas&quot;  -autoexec &quot;C:\Program Files\SASHome\SASFoundation\9.4\sastest\base\assert.sas&quot;  -nodate -nostimer -ls 78 -ps 60 -noovp -nosyntaxcheck</Run>
  </Test>
</SASOQ>
